gss_code,field_coarse,field_fine,match_basis,match_count_2023,decision_rationale
101,Engineering,"Aerospace, aeronautical, and astronautical engineering",count_matched_2023,8264,"Count-matched: gss_code 101 2023 all-grad (FT+PT) total = 8264 uniquely equals Table 4-3 detailed field 'Aerospace, aeronautical, and astronautical engineering' (NSF 25-317), SEH super-field 'Engineering'. field_fine = detailed name; field_coarse = SEH super (Science/Engineering/Health). Finer ~10-way broad subfields await the dedicated TOD reference."
102,Engineering,Agricultural engineering,count_matched_2023,1032,"Count-matched: gss_code 102 2023 all-grad (FT+PT) total = 1032 uniquely equals Table 4-3 detailed field 'Agricultural engineering' (NSF 25-317), SEH super-field 'Engineering'. field_fine = detailed name; field_coarse = SEH super (Science/Engineering/Health). Finer ~10-way broad subfields await the dedicated TOD reference."
103,,,residual_needs_reference,,"gss_code not present in 2023 Table 4-3 (historical-only code); field_coarse/fine NULL pending the dedicated NCSES TOD/PUF field-code reference or an earlier-year field table (§4, no invented mapping)."
104,Engineering,Chemical engineering,count_matched_2023,9701,"Count-matched: gss_code 104 2023 all-grad (FT+PT) total = 9701 uniquely equals Table 4-3 detailed field 'Chemical engineering' (NSF 25-317), SEH super-field 'Engineering'. field_fine = detailed name; field_coarse = SEH super (Science/Engineering/Health). Finer ~10-way broad subfields await the dedicated TOD reference."
105,Engineering,Civil engineering,count_matched_2023,15851,"Count-matched: gss_code 105 2023 all-grad (FT+PT) total = 15851 uniquely equals Table 4-3 detailed field 'Civil engineering' (NSF 25-317), SEH super-field 'Engineering'. field_fine = detailed name; field_coarse = SEH super (Science/Engineering/Health). Finer ~10-way broad subfields await the dedicated TOD reference."
106,Engineering,"Electrical, electronics, and communications engineering",count_matched_2023,32988,"Count-matched: gss_code 106 2023 all-grad (FT+PT) total = 32988 uniquely equals Table 4-3 detailed field 'Electrical, electronics, and communications engineering' (NSF 25-317), SEH super-field 'Engineering'. field_fine = detailed name; field_coarse = SEH super (Science/Engineering/Health). Finer ~10-way broad subfields await the dedicated TOD reference."
107,Engineering,"Engineering mechanics, physics, and science",count_matched_2023,2390,"Count-matched: gss_code 107 2023 all-grad (FT+PT) total = 2390 uniquely equals Table 4-3 detailed field 'Engineering mechanics, physics, and science' (NSF 25-317), SEH super-field 'Engineering'. field_fine = detailed name; field_coarse = SEH super (Science/Engineering/Health). Finer ~10-way broad subfields await the dedicated TOD reference."
108,Engineering,Industrial and manufacturing engineering,count_matched_2023,8113,"Count-matched: gss_code 108 2023 all-grad (FT+PT) total = 8113 uniquely equals Table 4-3 detailed field 'Industrial and manufacturing engineering' (NSF 25-317), SEH super-field 'Engineering'. field_fine = detailed name; field_coarse = SEH super (Science/Engineering/Health). Finer ~10-way broad subfields await the dedicated TOD reference."
109,Engineering,Mechanical engineering,count_matched_2023,27014,"Count-matched: gss_code 109 2023 all-grad (FT+PT) total = 27014 uniquely equals Table 4-3 detailed field 'Mechanical engineering' (NSF 25-317), SEH super-field 'Engineering'. field_fine = detailed name; field_coarse = SEH super (Science/Engineering/Health). Finer ~10-way broad subfields await the dedicated TOD reference."
110,,,residual_needs_reference,,"gss_code not present in 2023 Table 4-3 (historical-only code); field_coarse/fine NULL pending the dedicated NCSES TOD/PUF field-code reference or an earlier-year field table (§4, no invented mapping)."
111,,,residual_needs_reference,,"gss_code not present in 2023 Table 4-3 (historical-only code); field_coarse/fine NULL pending the dedicated NCSES TOD/PUF field-code reference or an earlier-year field table (§4, no invented mapping)."
112,Engineering,Nuclear engineering,count_matched_2023,1606,"Count-matched: gss_code 112 2023 all-grad (FT+PT) total = 1606 uniquely equals Table 4-3 detailed field 'Nuclear engineering' (NSF 25-317), SEH super-field 'Engineering'. field_fine = detailed name; field_coarse = SEH super (Science/Engineering/Health). Finer ~10-way broad subfields await the dedicated TOD reference."
113,Engineering,Petroleum engineering,count_matched_2023,845,"Count-matched: gss_code 113 2023 all-grad (FT+PT) total = 845 uniquely equals Table 4-3 detailed field 'Petroleum engineering' (NSF 25-317), SEH super-field 'Engineering'. field_fine = detailed name; field_coarse = SEH super (Science/Engineering/Health). Finer ~10-way broad subfields await the dedicated TOD reference."
114,,,residual_needs_reference,,"gss_code not present in 2023 Table 4-3 (historical-only code); field_coarse/fine NULL pending the dedicated NCSES TOD/PUF field-code reference or an earlier-year field table (§4, no invented mapping)."
115,,,residual_needs_reference,,"gss_code not present in 2023 Table 4-3 (historical-only code); field_coarse/fine NULL pending the dedicated NCSES TOD/PUF field-code reference or an earlier-year field table (§4, no invented mapping)."
116,,,residual_needs_reference,,"gss_code not present in 2023 Table 4-3 (historical-only code); field_coarse/fine NULL pending the dedicated NCSES TOD/PUF field-code reference or an earlier-year field table (§4, no invented mapping)."
117,Engineering,"Architectural, environmental, construction and surveying engineering",count_matched_2023,4083,"Count-matched: gss_code 117 2023 all-grad (FT+PT) total = 4083 uniquely equals Table 4-3 detailed field 'Architectural, environmental, construction and surveying engineering' (NSF 25-317), SEH super-field 'Engineering'. field_fine = detailed name; field_coarse = SEH super (Science/Engineering/Health). Finer ~10-way broad subfields await the dedicated TOD reference."
118,Engineering,Computer engineering,count_matched_2023,15811,"Count-matched: gss_code 118 2023 all-grad (FT+PT) total = 15811 uniquely equals Table 4-3 detailed field 'Computer engineering' (NSF 25-317), SEH super-field 'Engineering'. field_fine = detailed name; field_coarse = SEH super (Science/Engineering/Health). Finer ~10-way broad subfields await the dedicated TOD reference."
119,Engineering,Systems engineering and operations research,count_matched_2023,7649,"Count-matched: gss_code 119 2023 all-grad (FT+PT) total = 7649 uniquely equals Table 4-3 detailed field 'Systems engineering and operations research' (NSF 25-317), SEH super-field 'Engineering'. field_fine = detailed name; field_coarse = SEH super (Science/Engineering/Health). Finer ~10-way broad subfields await the dedicated TOD reference."
120,Engineering,"Biological, biomedical, and biosystems engineering",count_matched_2023,15203,"Count-matched: gss_code 120 2023 all-grad (FT+PT) total = 15203 uniquely equals Table 4-3 detailed field 'Biological, biomedical, and biosystems engineering' (NSF 25-317), SEH super-field 'Engineering'. field_fine = detailed name; field_coarse = SEH super (Science/Engineering/Health). Finer ~10-way broad subfields await the dedicated TOD reference."
121,Engineering,"Metallurgical, mining, materials and related engineering fields",count_matched_2023,7244,"Count-matched: gss_code 121 2023 all-grad (FT+PT) total = 7244 uniquely equals Table 4-3 detailed field 'Metallurgical, mining, materials and related engineering fields' (NSF 25-317), SEH super-field 'Engineering'. field_fine = detailed name; field_coarse = SEH super (Science/Engineering/Health). Finer ~10-way broad subfields await the dedicated TOD reference."
122,Engineering,"Engineering, other",count_matched_2023,17765,"Count-matched: gss_code 122 2023 all-grad (FT+PT) total = 17765 uniquely equals Table 4-3 detailed field 'Engineering, other' (NSF 25-317), SEH super-field 'Engineering'. field_fine = detailed name; field_coarse = SEH super (Science/Engineering/Health). Finer ~10-way broad subfields await the dedicated TOD reference."
201,Science,Astronomy and astrophysics,count_matched_2023,1657,"Count-matched: gss_code 201 2023 all-grad (FT+PT) total = 1657 uniquely equals Table 4-3 detailed field 'Astronomy and astrophysics' (NSF 25-317), SEH super-field 'Science'. field_fine = detailed name; field_coarse = SEH super (Science/Engineering/Health). Finer ~10-way broad subfields await the dedicated TOD reference."
202,Science,Chemistry,count_matched_2023,23007,"Count-matched: gss_code 202 2023 all-grad (FT+PT) total = 23007 uniquely equals Table 4-3 detailed field 'Chemistry' (NSF 25-317), SEH super-field 'Science'. field_fine = detailed name; field_coarse = SEH super (Science/Engineering/Health). Finer ~10-way broad subfields await the dedicated TOD reference."
203,Science,Physics,count_matched_2023,17119,"Count-matched: gss_code 203 2023 all-grad (FT+PT) total = 17119 uniquely equals Table 4-3 detailed field 'Physics' (NSF 25-317), SEH super-field 'Science'. field_fine = detailed name; field_coarse = SEH super (Science/Engineering/Health). Finer ~10-way broad subfields await the dedicated TOD reference."
204,Science,Physical sciences nec,count_matched_2023,975,"Count-matched: gss_code 204 2023 all-grad (FT+PT) total = 975 uniquely equals Table 4-3 detailed field 'Physical sciences nec' (NSF 25-317), SEH super-field 'Science'. field_fine = detailed name; field_coarse = SEH super (Science/Engineering/Health). Finer ~10-way broad subfields await the dedicated TOD reference."
205,Science,Materials sciences,count_matched_2023,1571,"Count-matched: gss_code 205 2023 all-grad (FT+PT) total = 1571 uniquely equals Table 4-3 detailed field 'Materials sciences' (NSF 25-317), SEH super-field 'Science'. field_fine = detailed name; field_coarse = SEH super (Science/Engineering/Health). Finer ~10-way broad subfields await the dedicated TOD reference."
301,Science,Atmospheric sciences and meteorology,count_matched_2023,1431,"Count-matched: gss_code 301 2023 all-grad (FT+PT) total = 1431 uniquely equals Table 4-3 detailed field 'Atmospheric sciences and meteorology' (NSF 25-317), SEH super-field 'Science'. field_fine = detailed name; field_coarse = SEH super (Science/Engineering/Health). Finer ~10-way broad subfields await the dedicated TOD reference."
302,Science,Geological and earth sciences,count_matched_2023,7240,"Count-matched: gss_code 302 2023 all-grad (FT+PT) total = 7240 uniquely equals Table 4-3 detailed field 'Geological and earth sciences' (NSF 25-317), SEH super-field 'Science'. field_fine = detailed name; field_coarse = SEH super (Science/Engineering/Health). Finer ~10-way broad subfields await the dedicated TOD reference."
303,Science,Ocean and marine sciences,count_matched_2023,2923,"Count-matched: gss_code 303 2023 all-grad (FT+PT) total = 2923 uniquely equals Table 4-3 detailed field 'Ocean and marine sciences' (NSF 25-317), SEH super-field 'Science'. field_fine = detailed name; field_coarse = SEH super (Science/Engineering/Health). Finer ~10-way broad subfields await the dedicated TOD reference."
304,,,residual_needs_reference,,"gss_code not present in 2023 Table 4-3 (historical-only code); field_coarse/fine NULL pending the dedicated NCSES TOD/PUF field-code reference or an earlier-year field table (§4, no invented mapping)."
401,,,residual_needs_reference,,"gss_code not present in 2023 Table 4-3 (historical-only code); field_coarse/fine NULL pending the dedicated NCSES TOD/PUF field-code reference or an earlier-year field table (§4, no invented mapping)."
402,,,residual_needs_reference,,"gss_code not present in 2023 Table 4-3 (historical-only code); field_coarse/fine NULL pending the dedicated NCSES TOD/PUF field-code reference or an earlier-year field table (§4, no invented mapping)."
403,Science,Statistics,count_matched_2023,10952,"Count-matched: gss_code 403 2023 all-grad (FT+PT) total = 10952 uniquely equals Table 4-3 detailed field 'Statistics' (NSF 25-317), SEH super-field 'Science'. field_fine = detailed name; field_coarse = SEH super (Science/Engineering/Health). Finer ~10-way broad subfields await the dedicated TOD reference."
404,Science,Applied mathematics,count_matched_2023,11140,"Count-matched: gss_code 404 2023 all-grad (FT+PT) total = 11140 uniquely equals Table 4-3 detailed field 'Applied mathematics' (NSF 25-317), SEH super-field 'Science'. field_fine = detailed name; field_coarse = SEH super (Science/Engineering/Health). Finer ~10-way broad subfields await the dedicated TOD reference."
405,Science,Mathematics,count_matched_2023,11801,"Count-matched: gss_code 405 2023 all-grad (FT+PT) total = 11801 uniquely equals Table 4-3 detailed field 'Mathematics' (NSF 25-317), SEH super-field 'Science'. field_fine = detailed name; field_coarse = SEH super (Science/Engineering/Health). Finer ~10-way broad subfields await the dedicated TOD reference."
410,Science,Computer science,count_matched_2023,57819,"Count-matched: gss_code 410 2023 all-grad (FT+PT) total = 57819 uniquely equals Table 4-3 detailed field 'Computer science' (NSF 25-317), SEH super-field 'Science'. field_fine = detailed name; field_coarse = SEH super (Science/Engineering/Health). Finer ~10-way broad subfields await the dedicated TOD reference."
411,Science,Computer and information sciences,count_matched_2023,49206,"Count-matched: gss_code 411 2023 all-grad (FT+PT) total = 49206 uniquely equals Table 4-3 detailed field 'Computer and information sciences' (NSF 25-317), SEH super-field 'Science'. field_fine = detailed name; field_coarse = SEH super (Science/Engineering/Health). Finer ~10-way broad subfields await the dedicated TOD reference."
412,Science,Computer and information sciences nec,count_matched_2023,7382,"Count-matched: gss_code 412 2023 all-grad (FT+PT) total = 7382 uniquely equals Table 4-3 detailed field 'Computer and information sciences nec' (NSF 25-317), SEH super-field 'Science'. field_fine = detailed name; field_coarse = SEH super (Science/Engineering/Health). Finer ~10-way broad subfields await the dedicated TOD reference."
413,Science,Computer and information systems security,count_matched_2023,11498,"Count-matched: gss_code 413 2023 all-grad (FT+PT) total = 11498 uniquely equals Table 4-3 detailed field 'Computer and information systems security' (NSF 25-317), SEH super-field 'Science'. field_fine = detailed name; field_coarse = SEH super (Science/Engineering/Health). Finer ~10-way broad subfields await the dedicated TOD reference."
414,Science,Information technology,count_matched_2023,15074,"Count-matched: gss_code 414 2023 all-grad (FT+PT) total = 15074 uniquely equals Table 4-3 detailed field 'Information technology' (NSF 25-317), SEH super-field 'Science'. field_fine = detailed name; field_coarse = SEH super (Science/Engineering/Health). Finer ~10-way broad subfields await the dedicated TOD reference."
415,Science,Information science and studies,count_matched_2023,17660,"Count-matched: gss_code 415 2023 all-grad (FT+PT) total = 17660 uniquely equals Table 4-3 detailed field 'Information science and studies' (NSF 25-317), SEH super-field 'Science'. field_fine = detailed name; field_coarse = SEH super (Science/Engineering/Health). Finer ~10-way broad subfields await the dedicated TOD reference."
416,Science,"Artificial intelligence, informatics, and computer and information science topics",count_matched_2023,7375,"Count-matched: gss_code 416 2023 all-grad (FT+PT) total = 7375 uniquely equals Table 4-3 detailed field 'Artificial intelligence, informatics, and computer and information science topics' (NSF 25-317), SEH super-field 'Science'. field_fine = detailed name; field_coarse = SEH super (Science/Engineering/Health). Finer ~10-way broad subfields await the dedicated TOD reference."
501,Science,Agricultural sciences,count_matched_2023,10572,"Count-matched: gss_code 501 2023 all-grad (FT+PT) total = 10572 uniquely equals Table 4-3 detailed field 'Agricultural sciences' (NSF 25-317), SEH super-field 'Science'. field_fine = detailed name; field_coarse = SEH super (Science/Engineering/Health). Finer ~10-way broad subfields await the dedicated TOD reference."
502,Science,Veterinary biomedical and clinical sciences,count_matched_2023,1183,"Count-matched: gss_code 502 2023 all-grad (FT+PT) total = 1183 uniquely equals Table 4-3 detailed field 'Veterinary biomedical and clinical sciences' (NSF 25-317), SEH super-field 'Science'. field_fine = detailed name; field_coarse = SEH super (Science/Engineering/Health). Finer ~10-way broad subfields await the dedicated TOD reference."
510,Science,Environmental science and studies,count_matched_2023,6348,"Count-matched: gss_code 510 2023 all-grad (FT+PT) total = 6348 uniquely equals Table 4-3 detailed field 'Environmental science and studies' (NSF 25-317), SEH super-field 'Science'. field_fine = detailed name; field_coarse = SEH super (Science/Engineering/Health). Finer ~10-way broad subfields await the dedicated TOD reference."
511,Science,"Forestry, natural resources, and conservation",count_matched_2023,7142,"Count-matched: gss_code 511 2023 all-grad (FT+PT) total = 7142 uniquely equals Table 4-3 detailed field 'Forestry, natural resources, and conservation' (NSF 25-317), SEH super-field 'Science'. field_fine = detailed name; field_coarse = SEH super (Science/Engineering/Health). Finer ~10-way broad subfields await the dedicated TOD reference."
601,,,residual_needs_reference,,"gss_code not present in 2023 Table 4-3 (historical-only code); field_coarse/fine NULL pending the dedicated NCSES TOD/PUF field-code reference or an earlier-year field table (§4, no invented mapping)."
602,Science,Biochemistry,count_matched_2023,5763,"Count-matched: gss_code 602 2023 all-grad (FT+PT) total = 5763 uniquely equals Table 4-3 detailed field 'Biochemistry' (NSF 25-317), SEH super-field 'Science'. field_fine = detailed name; field_coarse = SEH super (Science/Engineering/Health). Finer ~10-way broad subfields await the dedicated TOD reference."
603,Science,Biology,count_matched_2023,15531,"Count-matched: gss_code 603 2023 all-grad (FT+PT) total = 15531 uniquely equals Table 4-3 detailed field 'Biology' (NSF 25-317), SEH super-field 'Science'. field_fine = detailed name; field_coarse = SEH super (Science/Engineering/Health). Finer ~10-way broad subfields await the dedicated TOD reference."
604,,,residual_needs_reference,,"gss_code not present in 2023 Table 4-3 (historical-only code); field_coarse/fine NULL pending the dedicated NCSES TOD/PUF field-code reference or an earlier-year field table (§4, no invented mapping)."
605,Science,Biophysics,count_matched_2023,952,"Count-matched: gss_code 605 2023 all-grad (FT+PT) total = 952 uniquely equals Table 4-3 detailed field 'Biophysics' (NSF 25-317), SEH super-field 'Science'. field_fine = detailed name; field_coarse = SEH super (Science/Engineering/Health). Finer ~10-way broad subfields await the dedicated TOD reference."
606,Science,Botany and plant biology,count_matched_2023,1677,"Count-matched: gss_code 606 2023 all-grad (FT+PT) total = 1677 uniquely equals Table 4-3 detailed field 'Botany and plant biology' (NSF 25-317), SEH super-field 'Science'. field_fine = detailed name; field_coarse = SEH super (Science/Engineering/Health). Finer ~10-way broad subfields await the dedicated TOD reference."
607,,,residual_needs_reference,,"gss_code not present in 2023 Table 4-3 (historical-only code); field_coarse/fine NULL pending the dedicated NCSES TOD/PUF field-code reference or an earlier-year field table (§4, no invented mapping)."
608,,,residual_needs_reference,,"gss_code not present in 2023 Table 4-3 (historical-only code); field_coarse/fine NULL pending the dedicated NCSES TOD/PUF field-code reference or an earlier-year field table (§4, no invented mapping)."
609,,,residual_needs_reference,,"gss_code not present in 2023 Table 4-3 (historical-only code); field_coarse/fine NULL pending the dedicated NCSES TOD/PUF field-code reference or an earlier-year field table (§4, no invented mapping)."
610,Science,Genetics,count_matched_2023,3187,"Count-matched: gss_code 610 2023 all-grad (FT+PT) total = 3187 uniquely equals Table 4-3 detailed field 'Genetics' (NSF 25-317), SEH super-field 'Science'. field_fine = detailed name; field_coarse = SEH super (Science/Engineering/Health). Finer ~10-way broad subfields await the dedicated TOD reference."
611,Science,Microbiological sciences and immunology,count_matched_2023,6588,"Count-matched: gss_code 611 2023 all-grad (FT+PT) total = 6588 uniquely equals Table 4-3 detailed field 'Microbiological sciences and immunology' (NSF 25-317), SEH super-field 'Science'. field_fine = detailed name; field_coarse = SEH super (Science/Engineering/Health). Finer ~10-way broad subfields await the dedicated TOD reference."
612,Science,Nutrition science,count_matched_2023,4068,"Count-matched: gss_code 612 2023 all-grad (FT+PT) total = 4068 uniquely equals Table 4-3 detailed field 'Nutrition science' (NSF 25-317), SEH super-field 'Science'. field_fine = detailed name; field_coarse = SEH super (Science/Engineering/Health). Finer ~10-way broad subfields await the dedicated TOD reference."
613,Science,Pathology and experimental pathology,count_matched_2023,1106,"Count-matched: gss_code 613 2023 all-grad (FT+PT) total = 1106 uniquely equals Table 4-3 detailed field 'Pathology and experimental pathology' (NSF 25-317), SEH super-field 'Science'. field_fine = detailed name; field_coarse = SEH super (Science/Engineering/Health). Finer ~10-way broad subfields await the dedicated TOD reference."
614,Science,Pharmacology and toxicology,count_matched_2023,3304,"Count-matched: gss_code 614 2023 all-grad (FT+PT) total = 3304 uniquely equals Table 4-3 detailed field 'Pharmacology and toxicology' (NSF 25-317), SEH super-field 'Science'. field_fine = detailed name; field_coarse = SEH super (Science/Engineering/Health). Finer ~10-way broad subfields await the dedicated TOD reference."
615,Science,Physiology,count_matched_2023,6101,"Count-matched: gss_code 615 2023 all-grad (FT+PT) total = 6101 uniquely equals Table 4-3 detailed field 'Physiology' (NSF 25-317), SEH super-field 'Science'. field_fine = detailed name; field_coarse = SEH super (Science/Engineering/Health). Finer ~10-way broad subfields await the dedicated TOD reference."
616,Science,Zoology and animal biology,count_matched_2023,2042,"Count-matched: gss_code 616 2023 all-grad (FT+PT) total = 2042 uniquely equals Table 4-3 detailed field 'Zoology and animal biology' (NSF 25-317), SEH super-field 'Science'. field_fine = detailed name; field_coarse = SEH super (Science/Engineering/Health). Finer ~10-way broad subfields await the dedicated TOD reference."
617,Science,Biological and biomedical sciences nec,count_matched_2023,5918,"Count-matched: gss_code 617 2023 all-grad (FT+PT) total = 5918 uniquely equals Table 4-3 detailed field 'Biological and biomedical sciences nec' (NSF 25-317), SEH super-field 'Science'. field_fine = detailed name; field_coarse = SEH super (Science/Engineering/Health). Finer ~10-way broad subfields await the dedicated TOD reference."
618,Science,Biostatistics and bioinformatics,count_matched_2023,8283,"Count-matched: gss_code 618 2023 all-grad (FT+PT) total = 8283 uniquely equals Table 4-3 detailed field 'Biostatistics and bioinformatics' (NSF 25-317), SEH super-field 'Science'. field_fine = detailed name; field_coarse = SEH super (Science/Engineering/Health). Finer ~10-way broad subfields await the dedicated TOD reference."
619,Science,"Cell, cellular biology, and anatomical sciences",count_matched_2023,6478,"Count-matched: gss_code 619 2023 all-grad (FT+PT) total = 6478 uniquely equals Table 4-3 detailed field 'Cell, cellular biology, and anatomical sciences' (NSF 25-317), SEH super-field 'Science'. field_fine = detailed name; field_coarse = SEH super (Science/Engineering/Health). Finer ~10-way broad subfields await the dedicated TOD reference."
620,Science,Ecology and population biology,count_matched_2023,3833,"Count-matched: gss_code 620 2023 all-grad (FT+PT) total = 3833 uniquely equals Table 4-3 detailed field 'Ecology and population biology' (NSF 25-317), SEH super-field 'Science'. field_fine = detailed name; field_coarse = SEH super (Science/Engineering/Health). Finer ~10-way broad subfields await the dedicated TOD reference."
621,Science,Epidemiology,count_matched_2023,6138,"Count-matched: gss_code 621 2023 all-grad (FT+PT) total = 6138 uniquely equals Table 4-3 detailed field 'Epidemiology' (NSF 25-317), SEH super-field 'Science'. field_fine = detailed name; field_coarse = SEH super (Science/Engineering/Health). Finer ~10-way broad subfields await the dedicated TOD reference."
622,Science,Molecular biology,count_matched_2023,1668,"Count-matched: gss_code 622 2023 all-grad (FT+PT) total = 1668 uniquely equals Table 4-3 detailed field 'Molecular biology' (NSF 25-317), SEH super-field 'Science'. field_fine = detailed name; field_coarse = SEH super (Science/Engineering/Health). Finer ~10-way broad subfields await the dedicated TOD reference."
623,Science,Biomedical sciences,count_matched_2023,11806,"Count-matched: gss_code 623 2023 all-grad (FT+PT) total = 11806 uniquely equals Table 4-3 detailed field 'Biomedical sciences' (NSF 25-317), SEH super-field 'Science'. field_fine = detailed name; field_coarse = SEH super (Science/Engineering/Health). Finer ~10-way broad subfields await the dedicated TOD reference."
624,Science,Biotechnology,count_matched_2023,4543,"Count-matched: gss_code 624 2023 all-grad (FT+PT) total = 4543 uniquely equals Table 4-3 detailed field 'Biotechnology' (NSF 25-317), SEH super-field 'Science'. field_fine = detailed name; field_coarse = SEH super (Science/Engineering/Health). Finer ~10-way broad subfields await the dedicated TOD reference."
626,Science,Neurobiology and neuroscience,count_matched_2023,6580,"Count-matched: gss_code 626 2023 all-grad (FT+PT) total = 6580 uniquely equals Table 4-3 detailed field 'Neurobiology and neuroscience' (NSF 25-317), SEH super-field 'Science'. field_fine = detailed name; field_coarse = SEH super (Science/Engineering/Health). Finer ~10-way broad subfields await the dedicated TOD reference."
701,,,residual_needs_reference,,"gss_code not present in 2023 Table 4-3 (historical-only code); field_coarse/fine NULL pending the dedicated NCSES TOD/PUF field-code reference or an earlier-year field table (§4, no invented mapping)."
702,,,residual_needs_reference,,"gss_code not present in 2023 Table 4-3 (historical-only code); field_coarse/fine NULL pending the dedicated NCSES TOD/PUF field-code reference or an earlier-year field table (§4, no invented mapping)."
703,,,residual_needs_reference,,"gss_code not present in 2023 Table 4-3 (historical-only code); field_coarse/fine NULL pending the dedicated NCSES TOD/PUF field-code reference or an earlier-year field table (§4, no invented mapping)."
704,,,residual_needs_reference,,"gss_code not present in 2023 Table 4-3 (historical-only code); field_coarse/fine NULL pending the dedicated NCSES TOD/PUF field-code reference or an earlier-year field table (§4, no invented mapping)."
705,,,residual_needs_reference,,"gss_code not present in 2023 Table 4-3 (historical-only code); field_coarse/fine NULL pending the dedicated NCSES TOD/PUF field-code reference or an earlier-year field table (§4, no invented mapping)."
706,,,residual_needs_reference,,"gss_code not present in 2023 Table 4-3 (historical-only code); field_coarse/fine NULL pending the dedicated NCSES TOD/PUF field-code reference or an earlier-year field table (§4, no invented mapping)."
707,,,residual_needs_reference,,"gss_code not present in 2023 Table 4-3 (historical-only code); field_coarse/fine NULL pending the dedicated NCSES TOD/PUF field-code reference or an earlier-year field table (§4, no invented mapping)."
708,,,residual_needs_reference,,"gss_code not present in 2023 Table 4-3 (historical-only code); field_coarse/fine NULL pending the dedicated NCSES TOD/PUF field-code reference or an earlier-year field table (§4, no invented mapping)."
709,,,residual_needs_reference,,"gss_code not present in 2023 Table 4-3 (historical-only code); field_coarse/fine NULL pending the dedicated NCSES TOD/PUF field-code reference or an earlier-year field table (§4, no invented mapping)."
710,,,residual_needs_reference,,"gss_code not present in 2023 Table 4-3 (historical-only code); field_coarse/fine NULL pending the dedicated NCSES TOD/PUF field-code reference or an earlier-year field table (§4, no invented mapping)."
711,,,residual_needs_reference,,"gss_code not present in 2023 Table 4-3 (historical-only code); field_coarse/fine NULL pending the dedicated NCSES TOD/PUF field-code reference or an earlier-year field table (§4, no invented mapping)."
712,Health,Public health,count_matched_2023,32541,"Count-matched: gss_code 712 2023 all-grad (FT+PT) total = 32541 uniquely equals Table 4-3 detailed field 'Public health' (NSF 25-317), SEH super-field 'Health'. field_fine = detailed name; field_coarse = SEH super (Science/Engineering/Health). Finer ~10-way broad subfields await the dedicated TOD reference."
713,,,residual_needs_reference,,"gss_code not present in 2023 Table 4-3 (historical-only code); field_coarse/fine NULL pending the dedicated NCSES TOD/PUF field-code reference or an earlier-year field table (§4, no invented mapping)."
714,,,residual_needs_reference,,"gss_code not present in 2023 Table 4-3 (historical-only code); field_coarse/fine NULL pending the dedicated NCSES TOD/PUF field-code reference or an earlier-year field table (§4, no invented mapping)."
715,,,residual_needs_reference,,"gss_code not present in 2023 Table 4-3 (historical-only code); field_coarse/fine NULL pending the dedicated NCSES TOD/PUF field-code reference or an earlier-year field table (§4, no invented mapping)."
716,,,residual_needs_reference,,"gss_code not present in 2023 Table 4-3 (historical-only code); field_coarse/fine NULL pending the dedicated NCSES TOD/PUF field-code reference or an earlier-year field table (§4, no invented mapping)."
717,,,residual_needs_reference,,"gss_code not present in 2023 Table 4-3 (historical-only code); field_coarse/fine NULL pending the dedicated NCSES TOD/PUF field-code reference or an earlier-year field table (§4, no invented mapping)."
718,Health,Dental sciences,count_matched_2023,2231,"Count-matched: gss_code 718 2023 all-grad (FT+PT) total = 2231 uniquely equals Table 4-3 detailed field 'Dental sciences' (NSF 25-317), SEH super-field 'Health'. field_fine = detailed name; field_coarse = SEH super (Science/Engineering/Health). Finer ~10-way broad subfields await the dedicated TOD reference."
719,Health,Nursing science,count_matched_2023,5510,"Count-matched: gss_code 719 2023 all-grad (FT+PT) total = 5510 uniquely equals Table 4-3 detailed field 'Nursing science' (NSF 25-317), SEH super-field 'Health'. field_fine = detailed name; field_coarse = SEH super (Science/Engineering/Health). Finer ~10-way broad subfields await the dedicated TOD reference."
720,Health,Pharmaceutical sciences,count_matched_2023,5219,"Count-matched: gss_code 720 2023 all-grad (FT+PT) total = 5219 uniquely equals Table 4-3 detailed field 'Pharmaceutical sciences' (NSF 25-317), SEH super-field 'Health'. field_fine = detailed name; field_coarse = SEH super (Science/Engineering/Health). Finer ~10-way broad subfields await the dedicated TOD reference."
721,,,residual_needs_reference,,"gss_code not present in 2023 Table 4-3 (historical-only code); field_coarse/fine NULL pending the dedicated NCSES TOD/PUF field-code reference or an earlier-year field table (§4, no invented mapping)."
722,Health,Other health nec,count_matched_2023,9066,"Count-matched: gss_code 722 2023 all-grad (FT+PT) total = 9066 uniquely equals Table 4-3 detailed field 'Other health nec' (NSF 25-317), SEH super-field 'Health'. field_fine = detailed name; field_coarse = SEH super (Science/Engineering/Health). Finer ~10-way broad subfields await the dedicated TOD reference."
723,Health,Communication disorders sciences,count_matched_2023,19109,"Count-matched: gss_code 723 2023 all-grad (FT+PT) total = 19109 uniquely equals Table 4-3 detailed field 'Communication disorders sciences' (NSF 25-317), SEH super-field 'Health'. field_fine = detailed name; field_coarse = SEH super (Science/Engineering/Health). Finer ~10-way broad subfields await the dedicated TOD reference."
724,Health,Kinesiology and exercise science,count_matched_2023,5254,"Count-matched: gss_code 724 2023 all-grad (FT+PT) total = 5254 uniquely equals Table 4-3 detailed field 'Kinesiology and exercise science' (NSF 25-317), SEH super-field 'Health'. field_fine = detailed name; field_coarse = SEH super (Science/Engineering/Health). Finer ~10-way broad subfields await the dedicated TOD reference."
729,Health,Medical clinical sciences and clinical and medical laboratory sciences,count_matched_2023,2117,"Count-matched: gss_code 729 2023 all-grad (FT+PT) total = 2117 uniquely equals Table 4-3 detailed field 'Medical clinical sciences and clinical and medical laboratory sciences' (NSF 25-317), SEH super-field 'Health'. field_fine = detailed name; field_coarse = SEH super (Science/Engineering/Health). Finer ~10-way broad subfields await the dedicated TOD reference."
801,Science,"Psychology, general",count_matched_2023,14928,"Count-matched: gss_code 801 2023 all-grad (FT+PT) total = 14928 uniquely equals Table 4-3 detailed field 'Psychology, general' (NSF 25-317), SEH super-field 'Science'. field_fine = detailed name; field_coarse = SEH super (Science/Engineering/Health). Finer ~10-way broad subfields await the dedicated TOD reference."
802,,,residual_needs_reference,,"gss_code not present in 2023 Table 4-3 (historical-only code); field_coarse/fine NULL pending the dedicated NCSES TOD/PUF field-code reference or an earlier-year field table (§4, no invented mapping)."
803,Science,Clinical psychology,count_matched_2023,7873,"Count-matched: gss_code 803 2023 all-grad (FT+PT) total = 7873 uniquely equals Table 4-3 detailed field 'Clinical psychology' (NSF 25-317), SEH super-field 'Science'. field_fine = detailed name; field_coarse = SEH super (Science/Engineering/Health). Finer ~10-way broad subfields await the dedicated TOD reference."
804,Science,Applied psychology,count_matched_2023,25198,"Count-matched: gss_code 804 2023 all-grad (FT+PT) total = 25198 uniquely equals Table 4-3 detailed field 'Applied psychology' (NSF 25-317), SEH super-field 'Science'. field_fine = detailed name; field_coarse = SEH super (Science/Engineering/Health). Finer ~10-way broad subfields await the dedicated TOD reference."
805,Science,Research and experimental psychology,count_matched_2023,7678,"Count-matched: gss_code 805 2023 all-grad (FT+PT) total = 7678 uniquely equals Table 4-3 detailed field 'Research and experimental psychology' (NSF 25-317), SEH super-field 'Science'. field_fine = detailed name; field_coarse = SEH super (Science/Engineering/Health). Finer ~10-way broad subfields await the dedicated TOD reference."
806,Science,Counseling psychology,count_matched_2023,16071,"Count-matched: gss_code 806 2023 all-grad (FT+PT) total = 16071 uniquely equals Table 4-3 detailed field 'Counseling psychology' (NSF 25-317), SEH super-field 'Science'. field_fine = detailed name; field_coarse = SEH super (Science/Engineering/Health). Finer ~10-way broad subfields await the dedicated TOD reference."
815,Science,Human development,count_matched_2023,2080,"Count-matched: gss_code 815 2023 all-grad (FT+PT) total = 2080 uniquely equals Table 4-3 detailed field 'Human development' (NSF 25-317), SEH super-field 'Science'. field_fine = detailed name; field_coarse = SEH super (Science/Engineering/Health). Finer ~10-way broad subfields await the dedicated TOD reference."
901,Science,Agricultural and natural resource economics,count_matched_2023,740,"Count-matched: gss_code 901 2023 all-grad (FT+PT) total = 740 uniquely equals Table 4-3 detailed field 'Agricultural and natural resource economics' (NSF 25-317), SEH super-field 'Science'. field_fine = detailed name; field_coarse = SEH super (Science/Engineering/Health). Finer ~10-way broad subfields await the dedicated TOD reference."
902,Science,Anthropology,count_matched_2023,5796,"Count-matched: gss_code 902 2023 all-grad (FT+PT) total = 5796 uniquely equals Table 4-3 detailed field 'Anthropology' (NSF 25-317), SEH super-field 'Science'. field_fine = detailed name; field_coarse = SEH super (Science/Engineering/Health). Finer ~10-way broad subfields await the dedicated TOD reference."
903,Science,Economics (except agricultural and natural resource),count_matched_2023,14559,"Count-matched: gss_code 903 2023 all-grad (FT+PT) total = 14559 uniquely equals Table 4-3 detailed field 'Economics (except agricultural and natural resource)' (NSF 25-317), SEH super-field 'Science'. field_fine = detailed name; field_coarse = SEH super (Science/Engineering/Health). Finer ~10-way broad subfields await the dedicated TOD reference."
904,Science,Geography and cartography,count_matched_2023,3837,"Count-matched: gss_code 904 2023 all-grad (FT+PT) total = 3837 uniquely equals Table 4-3 detailed field 'Geography and cartography' (NSF 25-317), SEH super-field 'Science'. field_fine = detailed name; field_coarse = SEH super (Science/Engineering/Health). Finer ~10-way broad subfields await the dedicated TOD reference."
905,,,residual_needs_reference,,"gss_code not present in 2023 Table 4-3 (historical-only code); field_coarse/fine NULL pending the dedicated NCSES TOD/PUF field-code reference or an earlier-year field table (§4, no invented mapping)."
906,Science,Linguistics,count_matched_2023,2727,"Count-matched: gss_code 906 2023 all-grad (FT+PT) total = 2727 uniquely equals Table 4-3 detailed field 'Linguistics' (NSF 25-317), SEH super-field 'Science'. field_fine = detailed name; field_coarse = SEH super (Science/Engineering/Health). Finer ~10-way broad subfields await the dedicated TOD reference."
907,Science,Political science and government,count_matched_2023,7684,"Count-matched: gss_code 907 2023 all-grad (FT+PT) total = 7684 uniquely equals Table 4-3 detailed field 'Political science and government' (NSF 25-317), SEH super-field 'Science'. field_fine = detailed name; field_coarse = SEH super (Science/Engineering/Health). Finer ~10-way broad subfields await the dedicated TOD reference."
908,Science,Sociology and population studies,count_matched_2023,6404,"Count-matched: gss_code 908 2023 all-grad (FT+PT) total = 6404 uniquely equals Table 4-3 detailed field 'Sociology and population studies' (NSF 25-317), SEH super-field 'Science'. field_fine = detailed name; field_coarse = SEH super (Science/Engineering/Health). Finer ~10-way broad subfields await the dedicated TOD reference."
909,,,residual_needs_reference,,"gss_code not present in 2023 Table 4-3 (historical-only code); field_coarse/fine NULL pending the dedicated NCSES TOD/PUF field-code reference or an earlier-year field table (§4, no invented mapping)."
910,,,residual_needs_reference,,"gss_code not present in 2023 Table 4-3 (historical-only code); field_coarse/fine NULL pending the dedicated NCSES TOD/PUF field-code reference or an earlier-year field table (§4, no invented mapping)."
911,Science,Criminal justice and safety studies,count_matched_2023,6424,"Count-matched: gss_code 911 2023 all-grad (FT+PT) total = 6424 uniquely equals Table 4-3 detailed field 'Criminal justice and safety studies' (NSF 25-317), SEH super-field 'Science'. field_fine = detailed name; field_coarse = SEH super (Science/Engineering/Health). Finer ~10-way broad subfields await the dedicated TOD reference."
912,Science,International relations and national security studies,count_matched_2023,7473,"Count-matched: gss_code 912 2023 all-grad (FT+PT) total = 7473 uniquely equals Table 4-3 detailed field 'International relations and national security studies' (NSF 25-317), SEH super-field 'Science'. field_fine = detailed name; field_coarse = SEH super (Science/Engineering/Health). Finer ~10-way broad subfields await the dedicated TOD reference."
914,Science,Public policy analysis,count_matched_2023,7370,"Count-matched: gss_code 914 2023 all-grad (FT+PT) total = 7370 uniquely equals Table 4-3 detailed field 'Public policy analysis' (NSF 25-317), SEH super-field 'Science'. field_fine = detailed name; field_coarse = SEH super (Science/Engineering/Health). Finer ~10-way broad subfields await the dedicated TOD reference."
915,,,residual_needs_reference,,"gss_code not present in 2023 Table 4-3 (historical-only code); field_coarse/fine NULL pending the dedicated NCSES TOD/PUF field-code reference or an earlier-year field table (§4, no invented mapping)."
916,Science,"Area, ethnic, cultural, gender, and group studies",count_matched_2023,4920,"Count-matched: gss_code 916 2023 all-grad (FT+PT) total = 4920 uniquely equals Table 4-3 detailed field 'Area, ethnic, cultural, gender, and group studies' (NSF 25-317), SEH super-field 'Science'. field_fine = detailed name; field_coarse = SEH super (Science/Engineering/Health). Finer ~10-way broad subfields await the dedicated TOD reference."
917,Science,Criminology,count_matched_2023,1477,"Count-matched: gss_code 917 2023 all-grad (FT+PT) total = 1477 uniquely equals Table 4-3 detailed field 'Criminology' (NSF 25-317), SEH super-field 'Science'. field_fine = detailed name; field_coarse = SEH super (Science/Engineering/Health). Finer ~10-way broad subfields await the dedicated TOD reference."
918,Science,Urban studies and affairs,count_matched_2023,966,"Count-matched: gss_code 918 2023 all-grad (FT+PT) total = 966 uniquely equals Table 4-3 detailed field 'Urban studies and affairs' (NSF 25-317), SEH super-field 'Science'. field_fine = detailed name; field_coarse = SEH super (Science/Engineering/Health). Finer ~10-way broad subfields await the dedicated TOD reference."
919,Science,"Social sciences, other",count_matched_2023,4214,"Count-matched: gss_code 919 2023 all-grad (FT+PT) total = 4214 uniquely equals Table 4-3 detailed field 'Social sciences, other' (NSF 25-317), SEH super-field 'Science'. field_fine = detailed name; field_coarse = SEH super (Science/Engineering/Health). Finer ~10-way broad subfields await the dedicated TOD reference."
920,,,residual_needs_reference,,"gss_code not present in 2023 Table 4-3 (historical-only code); field_coarse/fine NULL pending the dedicated NCSES TOD/PUF field-code reference or an earlier-year field table (§4, no invented mapping)."
930,,,residual_needs_reference,,"gss_code not present in 2023 Table 4-3 (historical-only code); field_coarse/fine NULL pending the dedicated NCSES TOD/PUF field-code reference or an earlier-year field table (§4, no invented mapping)."
940,,,residual_needs_reference,,"gss_code not present in 2023 Table 4-3 (historical-only code); field_coarse/fine NULL pending the dedicated NCSES TOD/PUF field-code reference or an earlier-year field table (§4, no invented mapping)."
950,,,residual_needs_reference,,"gss_code not present in 2023 Table 4-3 (historical-only code); field_coarse/fine NULL pending the dedicated NCSES TOD/PUF field-code reference or an earlier-year field table (§4, no invented mapping)."
980,Science,Multidisciplinary and interdisciplinary sciences nec,count_matched_2023,9893,"Count-matched: gss_code 980 2023 all-grad (FT+PT) total = 9893 uniquely equals Table 4-3 detailed field 'Multidisciplinary and interdisciplinary sciences nec' (NSF 25-317), SEH super-field 'Science'. field_fine = detailed name; field_coarse = SEH super (Science/Engineering/Health). Finer ~10-way broad subfields await the dedicated TOD reference."
981,Science,Computational science,count_matched_2023,3228,"Count-matched: gss_code 981 2023 all-grad (FT+PT) total = 3228 uniquely equals Table 4-3 detailed field 'Computational science' (NSF 25-317), SEH super-field 'Science'. field_fine = detailed name; field_coarse = SEH super (Science/Engineering/Health). Finer ~10-way broad subfields await the dedicated TOD reference."
982,Science,Biological and physical sciences,count_matched_2023,1896,"Count-matched: gss_code 982 2023 all-grad (FT+PT) total = 1896 uniquely equals Table 4-3 detailed field 'Biological and physical sciences' (NSF 25-317), SEH super-field 'Science'. field_fine = detailed name; field_coarse = SEH super (Science/Engineering/Health). Finer ~10-way broad subfields await the dedicated TOD reference."
983,Science,International and global studies,count_matched_2023,996,"Count-matched: gss_code 983 2023 all-grad (FT+PT) total = 996 uniquely equals Table 4-3 detailed field 'International and global studies' (NSF 25-317), SEH super-field 'Science'. field_fine = detailed name; field_coarse = SEH super (Science/Engineering/Health). Finer ~10-way broad subfields await the dedicated TOD reference."
984,Science,Data science and data analytics,count_matched_2023,10416,"Count-matched: gss_code 984 2023 all-grad (FT+PT) total = 10416 uniquely equals Table 4-3 detailed field 'Data science and data analytics' (NSF 25-317), SEH super-field 'Science'. field_fine = detailed name; field_coarse = SEH super (Science/Engineering/Health). Finer ~10-way broad subfields await the dedicated TOD reference."
